id,title,author,genre,pages,price,rating,read
1,Whispers of Echoes,Jordan North,Non-fiction,350,9.46,1,True
2,Tales of Voices,Alex Rivers,Thriller,195,9.37,5,True
3,Legends of Lights,Jordan North,Historical,325,13.98,3,True
4,Shadows of Voices,Taylor Reed,Non-fiction,259,9.31,3,True
5,Whispers of Voices,Alex Rivers,Biography,452,17.07,1,False
6,Legends of Whispers,Morgan Sky,Fantasy,665,10.86,5,False
7,Tales of Lights,Jordan North,Fantasy,146,18.23,3,True
8,Lights of Whispers,Morgan Sky,Non-fiction,564,17.71,3,True
9,Winds of Winds,Jamie Blake,Non-fiction,799,17.96,5,True
10,Legends of Lights,Jamie Blake,Mystery,488,10.4,5,True
11,Winds of Echoes,Jamie Blake,Thriller,423,13.02,1,True
12,Tales of Winds,Jamie Blake,Mystery,505,22.69,4,True
13,Dreams of Shadows,Jamie Blake,Non-fiction,698,13.57,5,False
14,Winds of Lights,Jamie Blake,Mystery,193,20.12,1,True
15,Shadows of Voices,Casey Lane,Fantasy,494,12.63,4,False
16,Legends of Echoes,Jordan North,Fantasy,798,22.7,3,False
17,Whispers of Dreams,Morgan Sky,Sci-Fi,564,5.06,3,True
18,Legends of Whispers,Riley Storm,Non-fiction,754,15.15,2,True
19,Winds of Shadows,Casey Lane,Thriller,713,11.48,1,True
20,Winds of Dreams,Jamie Blake,Thriller,346,22.56,1,True
21,Secrets of Whispers,Riley Storm,Sci-Fi,231,18.2,5,True
22,Dreams of Legends,Riley Storm,Historical,316,23.58,2,False
23,Voices of Winds,Morgan Sky,Mystery,223,9.96,1,False
24,Echoes of Tales,Casey Lane,Romance,702,9.4,1,True
25,Lights of Whispers,Alex Rivers,Biography,172,15.28,3,False
26,Lights of Legends,Jamie Blake,Mystery,348,20.69,4,True
27,Whispers of Whispers,Jordan North,Historical,462,13.47,4,True
28,Whispers of Echoes,Morgan Sky,Biography,211,9.97,2,False
29,Shadows of Voices,Jamie Blake,Non-fiction,573,10.0,1,False
30,Legends of Whispers,Alex Rivers,Thriller,195,23.53,2,True
31,Voices of Secrets,Morgan Sky,Romance,510,23.05,2,False
32,Echoes of Voices,Taylor Reed,Mystery,392,13.46,5,False
33,Shadows of Lights,Taylor Reed,Romance,159,16.58,5,True
34,Winds of Echoes,Alex Rivers,Mystery,614,23.39,5,True
35,Echoes of Legends,Alex Rivers,Sci-Fi,170,16.9,2,False
36,Whispers of Tales,Jamie Blake,Thriller,734,6.64,5,False
37,Dreams of Lights,Jordan North,Biography,344,10.31,2,False
38,Secrets of Winds,Riley Storm,Fantasy,109,14.17,5,True
39,Whispers of Legends,Jamie Blake,Non-fiction,235,23.67,1,True
40,Winds of Dreams,Jamie Blake,Mystery,656,19.07,5,True
41,Legends of Dreams,Jordan North,Fantasy,237,10.29,1,True
42,Dreams of Dreams,Casey Lane,Romance,451,9.07,3,False
43,Dreams of Echoes,Alex Rivers,Historical,383,5.88,3,True
44,Dreams of Shadows,Jordan North,Mystery,664,19.11,5,True
45,Whispers of Whispers,Jordan North,Sci-Fi,658,5.72,3,True
46,Voices of Shadows,Alex Rivers,Non-fiction,473,22.98,1,False
47,Lights of Lights,Jordan North,Fantasy,462,20.6,4,True
48,Lights of Shadows,Riley Storm,Sci-Fi,522,5.5,3,False
49,Lights of Dreams,Jamie Blake,Fantasy,491,22.44,4,True
50,Lights of Secrets,Taylor Reed,Non-fiction,333,9.46,2,False
51,Winds of Dreams,Riley Storm,Fantasy,385,12.02,5,False
52,Legends of Winds,Alex Rivers,Fantasy,367,8.57,3,True
53,Whispers of Tales,Morgan Sky,Biography,421,13.73,5,True
54,Voices of Tales,Jamie Blake,Non-fiction,145,19.18,1,True
55,Winds of Voices,Alex Rivers,Biography,738,11.28,1,False
56,Legends of Dreams,Jordan North,Historical,434,13.05,3,True
57,Lights of Voices,Jordan North,Historical,793,19.96,2,False
58,Voices of Legends,Riley Storm,Thriller,411,10.74,4,False
59,Secrets of Secrets,Morgan Sky,Romance,623,14.46,2,True
60,Dreams of Legends,Jordan North,Biography,195,21.37,2,False
61,Lights of Lights,Jamie Blake,Thriller,147,9.9,4,True
62,Secrets of Voices,Jordan North,Romance,493,14.89,2,True
63,Echoes of Whispers,Riley Storm,Historical,324,8.52,5,False
64,Echoes of Legends,Jamie Blake,Fantasy,567,7.67,4,False
65,Secrets of Tales,Riley Storm,Historical,661,13.92,2,False
66,Secrets of Dreams,Riley Storm,Romance,752,10.55,5,False
67,Lights of Dreams,Morgan Sky,Fantasy,392,9.69,3,False
68,Legends of Whispers,Jamie Blake,Sci-Fi,336,12.66,2,True
69,Whispers of Voices,Morgan Sky,Biography,655,14.32,1,True
70,Voices of Voices,Riley Storm,Thriller,689,12.61,1,False
71,Dreams of Voices,Riley Storm,Historical,651,19.95,5,True
72,Secrets of Lights,Taylor Reed,Historical,597,5.58,3,False
73,Shadows of Secrets,Jamie Blake,Thriller,503,16.84,1,True
74,Voices of Shadows,Riley Storm,Mystery,286,6.01,4,False
75,Lights of Secrets,Taylor Reed,Biography,488,10.57,4,False
76,Whispers of Secrets,Alex Rivers,Thriller,458,9.48,1,True
77,Echoes of Lights,Jamie Blake,Thriller,736,8.05,2,False
78,Whispers of Tales,Jamie Blake,Mystery,362,20.34,2,True
79,Shadows of Dreams,Alex Rivers,Thriller,419,16.52,4,False
80,Lights of Whispers,Casey Lane,Romance,204,18.94,3,True
81,Tales of Echoes,Taylor Reed,Historical,777,12.41,5,False
82,Echoes of Voices,Riley Storm,Mystery,208,13.67,3,False
83,Shadows of Voices,Jamie Blake,Non-fiction,730,21.16,5,False
84,Secrets of Voices,Riley Storm,Non-fiction,430,22.03,1,False
85,Secrets of Lights,Riley Storm,Mystery,683,17.21,4,False
86,Echoes of Secrets,Riley Storm,Biography,286,14.75,3,False
87,Winds of Dreams,Casey Lane,Non-fiction,669,5.2,2,True
88,Lights of Voices,Morgan Sky,Romance,587,17.92,4,False
89,Echoes of Whispers,Taylor Reed,Romance,514,18.84,3,False
90,Secrets of Legends,Casey Lane,Biography,535,24.93,5,False
91,Winds of Secrets,Taylor Reed,Non-fiction,357,9.61,2,False
92,Whispers of Legends,Riley Storm,Sci-Fi,296,9.33,4,False
93,Tales of Legends,Casey Lane,Non-fiction,202,21.65,3,True
94,Winds of Shadows,Taylor Reed,Thriller,646,7.53,1,True
95,Legends of Dreams,Jordan North,Sci-Fi,753,22.37,4,True
96,Echoes of Tales,Taylor Reed,Mystery,590,13.81,2,True
97,Dreams of Secrets,Alex Rivers,Fantasy,510,14.83,5,True
98,Shadows of Shadows,Riley Storm,Non-fiction,187,24.88,1,False
99,Tales of Tales,Riley Storm,Romance,635,12.61,4,False
100,Tales of Voices,Taylor Reed,Thriller,724,24.2,1,True
101,Lights of Dreams,Jordan North,Fantasy,260,9.8,5,True
102,Shadows of Echoes,Morgan Sky,Mystery,708,14.4,1,True
103,Dreams of Dreams,Jordan North,Mystery,172,18.75,3,True
104,Voices of Whispers,Casey Lane,Romance,763,7.98,3,True
105,Whispers of Echoes,Jamie Blake,Non-fiction,709,19.98,5,False
106,Secrets of Whispers,Morgan Sky,Non-fiction,512,23.85,5,False
107,Secrets of Whispers,Casey Lane,Thriller,542,19.69,5,False
108,Echoes of Whispers,Jamie Blake,Thriller,788,21.43,5,True
109,Shadows of Secrets,Casey Lane,Mystery,384,8.63,5,False
110,Secrets of Whispers,Morgan Sky,Biography,518,11.67,1,True
111,Winds of Voices,Jordan North,Mystery,395,18.25,4,True
112,Secrets of Whispers,Taylor Reed,Non-fiction,431,7.32,4,True
113,Legends of Secrets,Morgan Sky,Thriller,292,15.37,5,False
114,Secrets of Echoes,Jamie Blake,Non-fiction,662,7.62,3,False
115,Secrets of Whispers,Alex Rivers,Romance,262,11.22,1,False
116,Whispers of Lights,Riley Storm,Fantasy,572,23.94,2,False
117,Dreams of Legends,Jordan North,Non-fiction,525,21.69,4,True
118,Secrets of Legends,Jamie Blake,Historical,295,23.44,5,True
119,Whispers of Dreams,Riley Storm,Historical,448,23.68,5,False
120,Echoes of Dreams,Jordan North,Non-fiction,701,16.6,4,True
121,Secrets of Legends,Morgan Sky,Biography,440,16.04,5,False
122,Secrets of Winds,Riley Storm,Romance,344,16.44,2,False
123,Echoes of Winds,Jordan North,Mystery,490,12.72,2,False
124,Echoes of Shadows,Casey Lane,Biography,202,22.48,4,True
125,Legends of Secrets,Alex Rivers,Sci-Fi,519,22.42,2,True
126,Secrets of Dreams,Taylor Reed,Historical,765,6.61,3,False
127,Winds of Secrets,Riley Storm,Thriller,732,6.37,3,True
128,Whispers of Voices,Alex Rivers,Fantasy,554,8.33,3,True
129,Echoes of Winds,Riley Storm,Thriller,400,12.17,4,True
130,Lights of Legends,Morgan Sky,Sci-Fi,274,8.5,5,False
131,Tales of Lights,Morgan Sky,Sci-Fi,337,14.22,3,False
132,Dreams of Echoes,Riley Storm,Mystery,394,18.55,2,True
133,Secrets of Winds,Casey Lane,Non-fiction,754,24.24,3,False
134,Dreams of Lights,Morgan Sky,Mystery,209,9.74,5,False
135,Tales of Dreams,Jordan North,Non-fiction,122,24.56,4,False
136,Echoes of Tales,Riley Storm,Thriller,720,19.9,3,True
137,Tales of Winds,Jamie Blake,Romance,735,10.01,2,True
138,Echoes of Dreams,Riley Storm,Mystery,134,16.59,2,True
139,Dreams of Winds,Jordan North,Historical,279,9.02,5,False
140,Legends of Legends,Taylor Reed,Sci-Fi,363,23.28,4,False
141,Winds of Whispers,Morgan Sky,Fantasy,244,20.08,2,False
142,Legends of Winds,Alex Rivers,Historical,114,10.29,1,False
143,Winds of Dreams,Casey Lane,Historical,753,23.81,1,True
144,Secrets of Echoes,Casey Lane,Biography,724,9.43,1,False
145,Dreams of Voices,Alex Rivers,Sci-Fi,146,23.93,3,False
146,Whispers of Whispers,Jamie Blake,Sci-Fi,497,14.07,5,False
147,Tales of Shadows,Morgan Sky,Fantasy,601,17.31,3,True
148,Winds of Lights,Morgan Sky,Mystery,341,22.11,1,False
149,Legends of Winds,Alex Rivers,Historical,382,8.8,1,False
150,Whispers of Lights,Jordan North,Thriller,151,20.74,2,True
151,Tales of Lights,Alex Rivers,Romance,700,9.32,2,False
152,Shadows of Tales,Alex Rivers,Non-fiction,248,24.75,5,False
153,Shadows of Whispers,Jordan North,Thriller,234,5.3,2,False
154,Echoes of Shadows,Taylor Reed,Thriller,229,19.83,5,True
155,Whispers of Secrets,Morgan Sky,Biography,625,16.87,4,True
156,Tales of Echoes,Jordan North,Non-fiction,569,17.87,1,True
157,Secrets of Voices,Morgan Sky,Fantasy,602,19.25,4,True
158,Whispers of Winds,Casey Lane,Sci-Fi,167,7.52,5,False
159,Voices of Tales,Casey Lane,Non-fiction,564,15.11,4,True
160,Whispers of Legends,Jordan North,Romance,540,14.03,2,False
161,Winds of Secrets,Morgan Sky,Historical,197,11.25,3,False
162,Winds of Shadows,Jordan North,Mystery,168,6.82,1,True
163,Voices of Whispers,Jordan North,Biography,233,16.13,5,False
164,Whispers of Voices,Taylor Reed,Historical,152,24.37,5,False
165,Winds of Whispers,Casey Lane,Romance,258,18.13,2,True
166,Winds of Legends,Taylor Reed,Fantasy,385,16.48,4,True
167,Tales of Dreams,Alex Rivers,Sci-Fi,379,19.05,3,False
168,Winds of Echoes,Jamie Blake,Sci-Fi,679,18.15,1,True
169,Echoes of Whispers,Jordan North,Romance,485,13.4,3,True
170,Winds of Dreams,Jordan North,Biography,681,16.92,1,True
171,Shadows of Tales,Alex Rivers,Fantasy,378,13.86,4,False
172,Tales of Secrets,Morgan Sky,Non-fiction,320,20.1,1,False
173,Voices of Whispers,Taylor Reed,Mystery,639,18.34,1,True
174,Voices of Tales,Alex Rivers,Thriller,309,11.03,2,True
175,Dreams of Dreams,Taylor Reed,Fantasy,107,14.95,4,True
176,Shadows of Voices,Casey Lane,Romance,612,16.17,3,True
177,Voices of Echoes,Morgan Sky,Thriller,570,23.42,3,False
178,Tales of Voices,Jordan North,Historical,396,7.3,1,False
179,Shadows of Tales,Morgan Sky,Biography,190,13.73,1,True
180,Voices of Tales,Morgan Sky,Fantasy,505,22.41,3,True
181,Winds of Shadows,Alex Rivers,Fantasy,643,15.2,3,False
182,Shadows of Lights,Alex Rivers,Sci-Fi,362,8.95,5,True
183,Whispers of Shadows,Riley Storm,Mystery,575,20.09,5,False
184,Tales of Tales,Taylor Reed,Biography,254,13.8,4,False
185,Dreams of Dreams,Casey Lane,Thriller,460,15.15,3,False
186,Secrets of Echoes,Alex Rivers,Biography,393,6.53,1,False
187,Secrets of Tales,Casey Lane,Thriller,560,23.18,5,True
188,Winds of Tales,Morgan Sky,Sci-Fi,163,14.01,3,True
189,Legends of Shadows,Alex Rivers,Romance,548,24.82,5,True
190,Winds of Winds,Taylor Reed,Historical,518,20.49,5,True
191,Winds of Whispers,Taylor Reed,Fantasy,671,18.57,3,False
192,Tales of Shadows,Taylor Reed,Fantasy,696,18.27,3,False
193,Voices of Shadows,Casey Lane,Fantasy,417,16.18,3,True
194,Legends of Whispers,Jordan North,Historical,620,12.24,3,False
195,Shadows of Lights,Taylor Reed,Mystery,296,9.53,2,True
196,Whispers of Dreams,Riley Storm,Fantasy,619,20.42,5,True
197,Winds of Tales,Jamie Blake,Historical,257,8.24,5,True
198,Secrets of Echoes,Morgan Sky,Biography,792,19.39,4,False
199,Secrets of Lights,Casey Lane,Romance,416,24.31,4,True
200,Winds of Tales,Morgan Sky,Mystery,388,20.56,5,False
201,Shadows of Lights,Riley Storm,Sci-Fi,356,6.04,4,False
202,Legends of Whispers,Jordan North,Fantasy,391,6.68,2,False
203,Secrets of Legends,Jamie Blake,Historical,193,23.93,2,False
204,Winds of Echoes,Morgan Sky,Thriller,505,15.04,2,False
205,Whispers of Winds,Jamie Blake,Thriller,426,23.62,3,True
206,Shadows of Echoes,Taylor Reed,Mystery,242,20.18,4,False
207,Tales of Echoes,Alex Rivers,Thriller,362,9.31,2,False
208,Whispers of Dreams,Jamie Blake,Non-fiction,224,5.95,4,False
209,Whispers of Whispers,Riley Storm,Mystery,711,15.72,5,True
210,Shadows of Dreams,Morgan Sky,Thriller,729,12.06,5,False
211,Shadows of Whispers,Casey Lane,Biography,169,24.07,5,True
212,Voices of Secrets,Alex Rivers,Historical,482,10.07,1,False
213,Whispers of Winds,Jamie Blake,Fantasy,695,19.7,3,True
214,Echoes of Winds,Casey Lane,Biography,758,8.5,4,False
215,Shadows of Shadows,Alex Rivers,Mystery,137,10.87,1,True
216,Echoes of Winds,Taylor Reed,Historical,656,14.47,1,True
217,Dreams of Winds,Riley Storm,Thriller,771,11.64,1,False
218,Voices of Voices,Jordan North,Mystery,495,11.78,2,False
219,Secrets of Winds,Riley Storm,Non-fiction,184,19.54,1,False
220,Tales of Shadows,Casey Lane,Non-fiction,428,7.05,3,False
221,Dreams of Secrets,Casey Lane,Historical,270,18.8,3,False
222,Echoes of Winds,Casey Lane,Historical,381,17.79,1,True
223,Voices of Winds,Casey Lane,Sci-Fi,131,7.86,5,False
224,Echoes of Shadows,Alex Rivers,Romance,760,12.33,4,True
225,Tales of Shadows,Jordan North,Mystery,479,12.44,1,True
226,Legends of Winds,Morgan Sky,Biography,765,10.57,1,True
227,Shadows of Secrets,Casey Lane,Historical,675,7.36,3,False
228,Lights of Tales,Taylor Reed,Mystery,304,7.45,1,False
229,Shadows of Secrets,Alex Rivers,Biography,783,11.95,1,False
230,Dreams of Shadows,Jordan North,Sci-Fi,470,15.18,1,True
231,Shadows of Lights,Riley Storm,Mystery,126,12.22,5,False
232,Secrets of Legends,Jamie Blake,Fantasy,167,11.19,4,False
233,Voices of Tales,Alex Rivers,Sci-Fi,424,17.85,4,False
234,Legends of Winds,Jamie Blake,Sci-Fi,232,13.65,1,True
235,Legends of Shadows,Taylor Reed,Sci-Fi,265,11.45,2,False
236,Legends of Dreams,Riley Storm,Fantasy,356,8.93,5,False
237,Shadows of Dreams,Casey Lane,Fantasy,614,17.82,5,True
238,Shadows of Tales,Jordan North,Biography,677,5.82,1,True
239,Echoes of Tales,Taylor Reed,Romance,685,13.33,1,False
240,Legends of Dreams,Jordan North,Non-fiction,594,9.9,4,False
241,Secrets of Whispers,Jordan North,Thriller,261,13.79,4,False
242,Lights of Winds,Casey Lane,Sci-Fi,420,22.23,3,False
243,Voices of Shadows,Riley Storm,Biography,627,16.23,3,True
244,Secrets of Whispers,Taylor Reed,Mystery,353,7.82,1,False
245,Voices of Tales,Morgan Sky,Romance,263,21.27,5,False
246,Lights of Shadows,Morgan Sky,Mystery,610,22.58,4,True
247,Whispers of Voices,Casey Lane,Mystery,346,9.3,3,True
248,Echoes of Dreams,Morgan Sky,Mystery,392,15.73,1,False
249,Shadows of Dreams,Jordan North,Biography,512,12.32,4,True
250,Tales of Legends,Jamie Blake,Biography,666,10.77,4,False
251,Legends of Dreams,Riley Storm,Fantasy,231,24.5,4,False
252,Winds of Legends,Taylor Reed,Sci-Fi,303,17.05,4,True
253,Echoes of Echoes,Jamie Blake,Biography,585,15.39,2,True
254,Winds of Tales,Taylor Reed,Sci-Fi,502,24.81,3,False
255,Legends of Legends,Casey Lane,Mystery,676,11.0,1,False
256,Winds of Whispers,Morgan Sky,Non-fiction,744,5.53,4,False
257,Tales of Tales,Jamie Blake,Thriller,697,14.61,5,False
258,Shadows of Lights,Alex Rivers,Fantasy,295,5.38,3,False
259,Shadows of Voices,Jordan North,Romance,520,15.04,5,False
260,Echoes of Shadows,Casey Lane,Romance,674,11.5,4,False
261,Winds of Shadows,Morgan Sky,Biography,659,12.09,3,False
262,Lights of Lights,Taylor Reed,Non-fiction,330,23.83,3,False
263,Lights of Secrets,Taylor Reed,Mystery,457,16.21,3,False
264,Whispers of Tales,Jordan North,Historical,504,21.37,2,False
265,Echoes of Dreams,Jordan North,Fantasy,454,23.48,3,False
266,Lights of Lights,Riley Storm,Non-fiction,675,18.92,2,True
267,Tales of Tales,Jamie Blake,Romance,151,18.4,5,True
268,Lights of Echoes,Alex Rivers,Historical,438,19.35,1,True
269,Echoes of Legends,Jamie Blake,Historical,768,23.7,4,False
270,Lights of Dreams,Taylor Reed,Non-fiction,761,6.18,1,True
271,Legends of Echoes,Jamie Blake,Historical,280,23.68,1,False
272,Secrets of Shadows,Jordan North,Non-fiction,138,5.19,5,True
273,Winds of Dreams,Morgan Sky,Mystery,237,22.02,4,False
274,Lights of Whispers,Taylor Reed,Sci-Fi,569,17.97,2,True
275,Winds of Dreams,Casey Lane,Romance,279,17.22,4,False
276,Legends of Winds,Alex Rivers,Historical,785,6.91,2,False
277,Winds of Lights,Alex Rivers,Non-fiction,492,9.71,3,False
278,Dreams of Tales,Jordan North,Thriller,367,18.07,2,True
279,Whispers of Secrets,Taylor Reed,Sci-Fi,515,18.72,3,True
280,Dreams of Winds,Casey Lane,Romance,324,24.15,4,True
281,Secrets of Tales,Taylor Reed,Historical,662,23.26,5,True
282,Lights of Tales,Riley Storm,Fantasy,638,13.93,3,True
283,Tales of Whispers,Alex Rivers,Romance,686,15.73,2,False
284,Legends of Secrets,Alex Rivers,Romance,697,14.78,5,False
285,Echoes of Secrets,Jamie Blake,Historical,567,16.28,5,False
286,Dreams of Echoes,Morgan Sky,Non-fiction,103,19.92,5,True
287,Echoes of Voices,Taylor Reed,Fantasy,654,24.88,1,False
288,Echoes of Dreams,Morgan Sky,Sci-Fi,238,20.32,4,False
289,Voices of Secrets,Riley Storm,Historical,484,6.6,5,True
290,Winds of Whispers,Jamie Blake,Historical,641,7.55,2,True
291,Echoes of Dreams,Morgan Sky,Historical,644,12.59,2,True
292,Secrets of Winds,Jamie Blake,Non-fiction,293,23.75,1,True
293,Voices of Tales,Riley Storm,Thriller,346,9.12,1,True
294,Secrets of Tales,Jordan North,Thriller,350,19.81,4,False
295,Lights of Legends,Jamie Blake,Thriller,243,15.08,3,True
296,Tales of Winds,Casey Lane,Biography,342,11.04,2,True
297,Voices of Dreams,Taylor Reed,Thriller,670,23.97,2,False
298,Legends of Secrets,Alex Rivers,Biography,758,18.43,5,False
299,Voices of Voices,Jamie Blake,Non-fiction,485,8.68,5,False
300,Lights of Lights,Taylor Reed,Sci-Fi,574,23.29,5,False
301,Voices of Legends,Casey Lane,Sci-Fi,497,9.86,2,False
302,Whispers of Secrets,Riley Storm,Biography,194,15.71,2,True
303,Dreams of Voices,Jordan North,Thriller,174,8.76,5,True
304,Secrets of Lights,Riley Storm,Biography,410,24.14,1,True
305,Lights of Whispers,Jordan North,Mystery,348,18.91,2,False
306,Lights of Legends,Taylor Reed,Non-fiction,489,14.33,3,False
307,Dreams of Winds,Casey Lane,Mystery,577,6.97,4,False
308,Lights of Winds,Taylor Reed,Historical,146,16.25,2,True
309,Echoes of Dreams,Casey Lane,Historical,402,8.05,3,True
310,Voices of Tales,Riley Storm,Romance,611,16.01,3,False
311,Secrets of Secrets,Morgan Sky,Sci-Fi,460,8.39,5,False
312,Shadows of Legends,Jordan North,Thriller,636,5.68,1,True
313,Echoes of Voices,Jamie Blake,Romance,169,19.14,1,True
314,Legends of Secrets,Taylor Reed,Thriller,732,17.75,5,False
315,Secrets of Echoes,Alex Rivers,Historical,112,5.33,3,False
316,Echoes of Legends,Riley Storm,Historical,283,7.14,1,True
317,Lights of Lights,Casey Lane,Non-fiction,462,10.35,4,True
318,Winds of Voices,Morgan Sky,Romance,331,11.0,1,True
319,Whispers of Voices,Morgan Sky,Historical,665,14.52,1,True
320,Whispers of Secrets,Riley Storm,Historical,760,20.69,5,True
321,Legends of Echoes,Jamie Blake,Romance,680,14.51,1,True
322,Dreams of Legends,Casey Lane,Thriller,283,23.58,3,True
323,Lights of Tales,Jamie Blake,Historical,178,10.99,5,True
324,Tales of Voices,Jordan North,Biography,493,20.11,2,True
325,Legends of Winds,Alex Rivers,Fantasy,547,9.64,1,False
326,Tales of Tales,Casey Lane,Historical,434,5.59,3,False
327,Secrets of Lights,Taylor Reed,Historical,542,8.71,5,False
328,Whispers of Tales,Taylor Reed,Romance,175,6.64,2,False
329,Shadows of Voices,Taylor Reed,Biography,209,6.83,3,False
330,Winds of Dreams,Alex Rivers,Sci-Fi,189,8.75,4,False
331,Whispers of Echoes,Alex Rivers,Biography,667,6.86,5,False
332,Voices of Echoes,Taylor Reed,Historical,497,20.58,5,True
333,Tales of Legends,Jamie Blake,Historical,273,7.78,3,False
334,Secrets of Shadows,Alex Rivers,Sci-Fi,545,10.52,3,False
335,Whispers of Winds,Taylor Reed,Romance,740,14.92,5,True
336,Secrets of Whispers,Jamie Blake,Non-fiction,106,23.98,3,False
337,Winds of Secrets,Taylor Reed,Historical,766,24.48,2,False
338,Winds of Tales,Jordan North,Romance,590,11.28,4,False
339,Dreams of Secrets,Casey Lane,Romance,433,12.52,4,False
340,Whispers of Tales,Jamie Blake,Sci-Fi,798,20.35,1,False
341,Lights of Secrets,Riley Storm,Non-fiction,170,21.38,4,False
342,Shadows of Dreams,Jamie Blake,Non-fiction,774,8.08,4,False
343,Whispers of Secrets,Casey Lane,Mystery,696,13.02,5,False
344,Legends of Echoes,Riley Storm,Biography,649,16.88,1,True
345,Lights of Winds,Jamie Blake,Thriller,676,24.67,4,False
346,Voices of Whispers,Alex Rivers,Fantasy,364,9.44,5,True
347,Secrets of Winds,Morgan Sky,Mystery,795,16.77,5,True
348,Winds of Echoes,Morgan Sky,Fantasy,402,13.32,1,True
349,Shadows of Winds,Taylor Reed,Biography,566,20.69,5,False
350,Winds of Secrets,Alex Rivers,Mystery,563,11.38,3,True
351,Whispers of Echoes,Riley Storm,Biography,763,7.19,2,True
352,Legends of Shadows,Casey Lane,Sci-Fi,438,16.2,4,True
353,Voices of Shadows,Jamie Blake,Historical,505,5.58,5,True
354,Secrets of Tales,Morgan Sky,Historical,104,19.09,2,False
355,Whispers of Tales,Alex Rivers,Sci-Fi,474,11.52,4,True
356,Dreams of Secrets,Casey Lane,Biography,711,12.77,4,True
357,Winds of Winds,Riley Storm,Mystery,732,8.45,3,True
358,Shadows of Winds,Alex Rivers,Romance,412,7.34,3,True
359,Legends of Voices,Morgan Sky,Sci-Fi,688,12.67,2,False
360,Legends of Shadows,Casey Lane,Sci-Fi,601,10.78,2,False
361,Secrets of Tales,Alex Rivers,Biography,109,14.69,2,False
362,Legends of Legends,Jordan North,Mystery,518,18.69,4,False
363,Secrets of Shadows,Alex Rivers,Thriller,325,10.84,3,True
364,Legends of Dreams,Jamie Blake,Mystery,679,19.85,4,True
365,Tales of Whispers,Taylor Reed,Biography,655,21.45,1,False
366,Legends of Lights,Morgan Sky,Fantasy,769,20.03,3,True
367,Secrets of Dreams,Taylor Reed,Fantasy,549,22.31,1,True
368,Lights of Tales,Jordan North,Biography,724,17.66,2,True
369,Lights of Lights,Riley Storm,Thriller,683,12.02,3,True
370,Winds of Dreams,Taylor Reed,Non-fiction,626,24.71,1,True
371,Voices of Echoes,Taylor Reed,Sci-Fi,235,9.99,3,True
372,Voices of Secrets,Jamie Blake,Non-fiction,742,13.28,4,True
373,Whispers of Voices,Casey Lane,Non-fiction,477,14.09,4,False
374,Tales of Echoes,Riley Storm,Fantasy,569,17.7,3,True
375,Legends of Voices,Jamie Blake,Historical,316,14.89,3,False
376,Winds of Legends,Casey Lane,Sci-Fi,679,22.05,3,True
377,Echoes of Whispers,Jordan North,Mystery,116,7.48,2,False
378,Secrets of Echoes,Morgan Sky,Romance,235,22.64,3,True
379,Dreams of Whispers,Jordan North,Biography,356,6.65,2,True
380,Voices of Dreams,Jordan North,Romance,539,18.11,1,True
381,Lights of Secrets,Alex Rivers,Sci-Fi,707,9.52,4,True
382,Echoes of Winds,Riley Storm,Fantasy,532,18.88,4,True
383,Lights of Voices,Alex Rivers,Fantasy,205,11.27,3,True
384,Voices of Shadows,Jordan North,Sci-Fi,170,15.61,1,True
385,Secrets of Winds,Jordan North,Romance,743,19.97,4,False
386,Lights of Whispers,Alex Rivers,Sci-Fi,226,16.79,4,False
387,Voices of Winds,Riley Storm,Sci-Fi,353,10.54,1,True
388,Legends of Tales,Casey Lane,Non-fiction,127,21.96,3,True
389,Legends of Tales,Casey Lane,Romance,501,10.91,1,True
390,Secrets of Voices,Alex Rivers,Romance,611,17.76,1,True
391,Winds of Winds,Jamie Blake,Historical,682,13.42,5,True
392,Secrets of Whispers,Alex Rivers,Fantasy,114,10.24,1,True
393,Voices of Legends,Taylor Reed,Historical,533,19.04,1,True
394,Dreams of Whispers,Taylor Reed,Fantasy,623,23.42,2,False
395,Voices of Tales,Jordan North,Fantasy,417,18.97,2,True
396,Lights of Whispers,Morgan Sky,Fantasy,564,17.25,1,False
397,Shadows of Whispers,Alex Rivers,Sci-Fi,111,8.28,3,False
398,Shadows of Winds,Jamie Blake,Non-fiction,220,20.43,1,False
399,Voices of Dreams,Casey Lane,Fantasy,369,19.25,5,True
400,Secrets of Secrets,Casey Lane,Biography,156,14.99,5,True
401,Winds of Shadows,Taylor Reed,Fantasy,687,18.48,1,True
402,Legends of Echoes,Alex Rivers,Thriller,350,5.92,3,False
403,Shadows of Shadows,Riley Storm,Thriller,666,21.06,4,True
404,Winds of Lights,Morgan Sky,Biography,377,21.52,5,False
405,Whispers of Legends,Jordan North,Thriller,283,9.46,5,True
406,Voices of Whispers,Morgan Sky,Non-fiction,418,11.55,5,False
407,Echoes of Winds,Jamie Blake,Non-fiction,677,20.69,5,True
408,Secrets of Winds,Casey Lane,Mystery,300,19.65,5,True
409,Shadows of Echoes,Morgan Sky,Thriller,338,15.83,1,False
410,Echoes of Voices,Riley Storm,Non-fiction,206,9.1,2,False
411,Secrets of Echoes,Jamie Blake,Non-fiction,195,5.88,2,False
412,Winds of Secrets,Jordan North,Fantasy,694,6.91,2,False
413,Whispers of Tales,Casey Lane,Thriller,545,18.25,2,True
414,Dreams of Dreams,Riley Storm,Biography,502,19.01,3,False
415,Secrets of Dreams,Jamie Blake,Fantasy,307,7.72,5,True
416,Shadows of Whispers,Jamie Blake,Mystery,577,11.28,1,False
417,Lights of Secrets,Taylor Reed,Mystery,371,22.05,1,True
418,Dreams of Tales,Alex Rivers,Romance,435,7.97,2,False
419,Voices of Legends,Alex Rivers,Non-fiction,366,21.4,2,True
420,Voices of Secrets,Casey Lane,Romance,196,14.24,2,True
421,Echoes of Echoes,Riley Storm,Romance,233,8.96,4,False
422,Whispers of Tales,Casey Lane,Non-fiction,176,5.44,1,True
423,Secrets of Shadows,Alex Rivers,Biography,225,5.85,4,True
424,Shadows of Tales,Morgan Sky,Historical,608,5.59,4,True
425,Winds of Lights,Jamie Blake,Non-fiction,386,13.92,2,True
426,Tales of Tales,Casey Lane,Romance,762,10.9,4,False
427,Echoes of Whispers,Taylor Reed,Historical,240,13.38,5,True
428,Legends of Echoes,Morgan Sky,Biography,591,15.89,4,False
429,Tales of Legends,Taylor Reed,Historical,376,8.6,3,True
430,Echoes of Dreams,Alex Rivers,Mystery,642,12.15,5,True
431,Shadows of Whispers,Jamie Blake,Romance,372,15.67,1,True
432,Tales of Voices,Taylor Reed,Sci-Fi,280,9.73,3,False
433,Tales of Echoes,Jordan North,Biography,681,16.27,5,True
434,Secrets of Legends,Taylor Reed,Sci-Fi,602,5.76,1,True
435,Tales of Lights,Alex Rivers,Mystery,100,11.63,5,True
436,Shadows of Winds,Jordan North,Sci-Fi,431,6.19,2,True
437,Whispers of Legends,Riley Storm,Biography,174,12.47,4,True
438,Winds of Dreams,Taylor Reed,Sci-Fi,261,19.65,4,False
439,Winds of Shadows,Jordan North,Biography,328,18.31,2,False
440,Dreams of Dreams,Jamie Blake,Sci-Fi,101,23.98,5,False
441,Tales of Echoes,Jamie Blake,Biography,726,9.42,5,True
442,Secrets of Shadows,Taylor Reed,Fantasy,343,11.94,3,True
443,Whispers of Winds,Morgan Sky,Thriller,371,9.19,1,False
444,Dreams of Whispers,Jordan North,Thriller,149,12.72,4,True
445,Voices of Secrets,Morgan Sky,Biography,659,12.51,4,True
446,Shadows of Secrets,Alex Rivers,Thriller,401,5.4,3,True
447,Whispers of Winds,Jamie Blake,Historical,264,19.64,5,True
448,Winds of Tales,Casey Lane,Mystery,131,13.63,2,False
449,Shadows of Echoes,Alex Rivers,Biography,310,24.49,4,False
450,Dreams of Dreams,Jamie Blake,Fantasy,150,12.86,5,False
451,Shadows of Echoes,Taylor Reed,Thriller,537,6.75,5,False
452,Lights of Whispers,Alex Rivers,Romance,274,17.76,1,False
453,Whispers of Dreams,Riley Storm,Historical,582,14.78,3,True
454,Legends of Voices,Jamie Blake,Biography,490,12.39,4,True
455,Dreams of Secrets,Morgan Sky,Non-fiction,331,21.74,5,True
456,Shadows of Whispers,Alex Rivers,Biography,654,13.28,5,True
457,Legends of Echoes,Riley Storm,Historical,635,13.37,5,False
458,Tales of Lights,Morgan Sky,Non-fiction,180,12.9,1,True
459,Whispers of Secrets,Jamie Blake,Sci-Fi,316,21.17,2,True
460,Voices of Whispers,Jordan North,Historical,306,24.95,2,False
461,Winds of Whispers,Alex Rivers,Historical,669,12.95,3,False
462,Legends of Secrets,Riley Storm,Thriller,738,16.75,4,True
463,Voices of Shadows,Jamie Blake,Fantasy,208,16.25,1,False
464,Legends of Winds,Morgan Sky,Non-fiction,492,18.1,5,False
465,Echoes of Shadows,Taylor Reed,Historical,247,17.36,4,True
466,Voices of Winds,Jordan North,Romance,150,19.91,3,False
467,Echoes of Winds,Riley Storm,Non-fiction,418,10.61,4,True
468,Lights of Shadows,Taylor Reed,Mystery,428,10.39,4,True
469,Lights of Secrets,Jamie Blake,Historical,596,20.19,3,True
470,Legends of Shadows,Alex Rivers,Non-fiction,618,13.07,5,True
471,Shadows of Lights,Riley Storm,Romance,159,9.99,4,True
472,Winds of Lights,Taylor Reed,Biography,575,15.1,1,True
473,Lights of Winds,Morgan Sky,Mystery,281,24.21,4,False
474,Winds of Shadows,Riley Storm,Non-fiction,192,10.7,4,True
475,Shadows of Tales,Riley Storm,Romance,326,17.95,2,False
476,Voices of Legends,Alex Rivers,Thriller,585,23.23,2,True
477,Lights of Dreams,Casey Lane,Non-fiction,758,10.51,4,False
478,Secrets of Dreams,Jamie Blake,Mystery,409,18.54,5,False
479,Tales of Whispers,Alex Rivers,Biography,674,17.95,5,False
480,Dreams of Whispers,Morgan Sky,Fantasy,444,24.77,3,False
481,Dreams of Dreams,Jamie Blake,Sci-Fi,629,20.31,1,False
482,Winds of Shadows,Jordan North,Thriller,771,14.95,3,False
483,Voices of Voices,Morgan Sky,Thriller,697,19.16,5,True
484,Winds of Lights,Jordan North,Mystery,787,12.17,3,True
485,Legends of Shadows,Taylor Reed,Fantasy,582,7.56,3,True
486,Winds of Whispers,Jamie Blake,Biography,328,19.88,3,False
487,Winds of Winds,Taylor Reed,Non-fiction,574,22.02,4,True
488,Tales of Tales,Casey Lane,Fantasy,583,22.79,5,True
489,Voices of Legends,Taylor Reed,Historical,155,22.42,2,True
490,Lights of Winds,Morgan Sky,Mystery,246,11.33,2,True
491,Secrets of Winds,Jordan North,Sci-Fi,420,17.69,1,False
492,Dreams of Lights,Riley Storm,Sci-Fi,690,20.29,4,True
493,Shadows of Tales,Morgan Sky,Historical,513,13.58,4,False
494,Echoes of Echoes,Casey Lane,Romance,482,24.0,3,True
495,Echoes of Echoes,Jordan North,Romance,331,18.87,3,False
496,Shadows of Whispers,Morgan Sky,Non-fiction,271,6.31,1,False
497,Dreams of Secrets,Jordan North,Biography,544,22.76,2,False
498,Secrets of Winds,Riley Storm,Romance,268,23.96,4,True
499,Lights of Lights,Jordan North,Sci-Fi,316,19.68,5,True
500,Whispers of Winds,Jordan North,Thriller,484,22.53,3,True
501,Tales of Echoes,Jordan North,Fantasy,769,21.72,1,True
502,Voices of Secrets,Morgan Sky,Fantasy,660,10.05,2,True
503,Echoes of Dreams,Morgan Sky,Fantasy,778,15.41,5,True
504,Voices of Whispers,Casey Lane,Fantasy,389,7.28,1,False
505,Lights of Tales,Jamie Blake,Non-fiction,635,24.46,3,False
506,Dreams of Shadows,Alex Rivers,Mystery,312,18.76,4,False
507,Lights of Echoes,Alex Rivers,Fantasy,213,21.7,4,True
508,Whispers of Legends,Alex Rivers,Fantasy,362,17.89,4,False
509,Dreams of Secrets,Alex Rivers,Fantasy,278,22.48,3,False
510,Winds of Voices,Jordan North,Fantasy,197,22.02,1,True
511,Shadows of Shadows,Taylor Reed,Biography,548,24.1,3,True
512,Winds of Winds,Jamie Blake,Fantasy,510,13.01,4,False
513,Voices of Secrets,Riley Storm,Historical,764,22.72,2,True
514,Shadows of Echoes,Riley Storm,Sci-Fi,206,13.32,5,False
515,Tales of Secrets,Jamie Blake,Historical,467,17.23,2,False
516,Secrets of Whispers,Morgan Sky,Mystery,147,6.27,3,True
517,Legends of Tales,Jordan North,Romance,785,22.46,5,True
518,Voices of Lights,Morgan Sky,Biography,779,18.53,4,True
519,Legends of Tales,Alex Rivers,Thriller,758,23.69,5,False
520,Secrets of Shadows,Alex Rivers,Mystery,428,9.82,3,True
521,Legends of Lights,Casey Lane,Historical,512,21.34,1,False
522,Secrets of Tales,Morgan Sky,Fantasy,610,13.94,1,False
523,Echoes of Whispers,Morgan Sky,Historical,136,16.14,1,True
524,Tales of Tales,Jordan North,Non-fiction,620,16.25,4,False
525,Winds of Echoes,Riley Storm,Romance,565,11.64,5,False
526,Winds of Secrets,Alex Rivers,Fantasy,774,9.43,3,False
527,Dreams of Legends,Casey Lane,Biography,208,5.92,2,False
528,Shadows of Voices,Alex Rivers,Non-fiction,725,8.92,1,False
529,Lights of Secrets,Riley Storm,Romance,446,7.16,4,True
530,Tales of Whispers,Riley Storm,Mystery,568,18.17,5,True
531,Secrets of Echoes,Casey Lane,Thriller,666,23.71,5,False
532,Legends of Shadows,Jordan North,Sci-Fi,231,7.07,5,False
533,Legends of Voices,Morgan Sky,Romance,380,12.96,3,False
534,Secrets of Shadows,Jamie Blake,Historical,716,19.0,5,False
535,Legends of Winds,Jordan North,Romance,305,9.19,3,False
536,Shadows of Shadows,Casey Lane,Biography,218,20.22,5,False
537,Tales of Tales,Jordan North,Historical,790,19.96,5,False
538,Voices of Echoes,Casey Lane,Fantasy,125,12.62,1,True
539,Lights of Dreams,Riley Storm,Sci-Fi,393,18.67,2,True
540,Dreams of Lights,Riley Storm,Thriller,467,21.28,1,True
541,Legends of Voices,Jamie Blake,Non-fiction,780,5.94,4,False
542,Voices of Winds,Casey Lane,Thriller,113,19.87,2,False
543,Lights of Winds,Riley Storm,Romance,298,10.88,2,True
544,Shadows of Shadows,Jordan North,Fantasy,486,5.81,3,False
545,Shadows of Shadows,Casey Lane,Non-fiction,105,11.61,2,True
546,Shadows of Winds,Casey Lane,Thriller,740,17.31,3,False
547,Tales of Legends,Taylor Reed,Fantasy,425,15.51,2,True
548,Legends of Shadows,Morgan Sky,Historical,194,11.99,2,False
549,Winds of Winds,Taylor Reed,Romance,733,15.61,5,True
550,Whispers of Winds,Morgan Sky,Romance,757,17.27,5,True
551,Echoes of Winds,Morgan Sky,Fantasy,495,10.13,3,True
552,Legends of Winds,Casey Lane,Mystery,598,5.88,2,False
553,Legends of Whispers,Alex Rivers,Sci-Fi,650,15.66,1,True
554,Lights of Voices,Riley Storm,Fantasy,310,15.76,4,True
555,Shadows of Echoes,Morgan Sky,Biography,138,6.75,1,True
556,Dreams of Legends,Alex Rivers,Romance,364,13.15,4,False
557,Voices of Winds,Alex Rivers,Historical,789,7.37,1,True
558,Tales of Echoes,Jordan North,Fantasy,466,23.56,1,False
559,Dreams of Tales,Alex Rivers,Non-fiction,548,12.63,1,False
560,Shadows of Legends,Jamie Blake,Sci-Fi,500,20.94,5,False
561,Shadows of Dreams,Jordan North,Biography,111,16.07,5,True
562,Whispers of Echoes,Alex Rivers,Historical,650,15.95,1,False
563,Lights of Winds,Jamie Blake,Historical,761,22.03,2,True
564,Shadows of Lights,Casey Lane,Non-fiction,298,7.29,5,True
565,Legends of Secrets,Jordan North,Fantasy,397,18.43,3,True
566,Lights of Tales,Morgan Sky,Biography,465,7.56,2,True
567,Dreams of Tales,Alex Rivers,Romance,425,14.72,3,False
568,Tales of Shadows,Casey Lane,Biography,423,24.17,2,True
569,Winds of Lights,Riley Storm,Romance,756,13.72,3,True
570,Winds of Secrets,Morgan Sky,Mystery,467,20.5,4,True
571,Shadows of Tales,Alex Rivers,Non-fiction,243,22.83,2,False
572,Whispers of Whispers,Alex Rivers,Thriller,695,16.58,5,True
573,Echoes of Legends,Taylor Reed,Mystery,769,20.5,3,False
574,Lights of Tales,Jordan North,Non-fiction,237,14.29,5,True
575,Voices of Winds,Casey Lane,Thriller,778,9.78,5,True
576,Legends of Shadows,Morgan Sky,Sci-Fi,283,16.33,5,True
577,Secrets of Winds,Alex Rivers,Romance,599,9.63,3,False
578,Lights of Echoes,Jordan North,Romance,630,23.15,3,False
579,Secrets of Secrets,Alex Rivers,Thriller,764,11.48,5,False
580,Dreams of Tales,Casey Lane,Sci-Fi,485,18.07,3,True
581,Legends of Dreams,Morgan Sky,Romance,628,13.12,3,False
582,Secrets of Tales,Alex Rivers,Sci-Fi,550,8.31,1,False
583,Lights of Shadows,Jamie Blake,Sci-Fi,470,17.04,1,True
584,Voices of Winds,Jordan North,Fantasy,593,18.5,4,True
585,Tales of Shadows,Jordan North,Historical,122,9.87,2,True
586,Shadows of Legends,Alex Rivers,Sci-Fi,157,8.33,2,False
587,Tales of Tales,Jordan North,Thriller,777,21.43,1,True
588,Secrets of Tales,Morgan Sky,Mystery,274,9.39,4,True
589,Tales of Shadows,Casey Lane,Non-fiction,271,19.48,3,False
590,Tales of Tales,Alex Rivers,Romance,487,12.71,1,True
591,Lights of Legends,Riley Storm,Historical,253,17.11,2,False
592,Tales of Tales,Alex Rivers,Fantasy,195,14.64,2,True
593,Voices of Legends,Morgan Sky,Biography,144,18.95,4,True
594,Secrets of Voices,Taylor Reed,Fantasy,535,7.68,4,True
595,Whispers of Dreams,Casey Lane,Historical,363,8.78,1,True
596,Legends of Echoes,Morgan Sky,Romance,423,13.18,1,True
597,Voices of Tales,Taylor Reed,Non-fiction,648,13.47,3,False
598,Voices of Lights,Morgan Sky,Mystery,283,12.4,5,False
599,Dreams of Dreams,Casey Lane,Biography,507,19.72,1,True
600,Secrets of Shadows,Alex Rivers,Romance,620,13.01,3,True
